Index,Title
0,하늘과 바람과 별과 시
1,서시
2,자화상
3,소년
4,눈 오는 지도
5,돌아와 보는 밤
6,병원
7,새로운 길
8,간판 없는 거리
9,태초의 아침
10,또 태초의 아침
11,새벽이 올 때까지
12,무서운 시간
13,십자가
14,바람이 불어
15,슬픈 족속
16,눈감고 간다
17,또 다른 고향
18,길
19,별 헤는 밤
20,흰 그림자
21,사랑스런 추억
22,흐르는 거리
23,쉽게 씌어진 시
24,봄
25,참회록
26,간(肝)
27,위로
28,팔복
29,못자는밤
30,달같이
31,고추밭
32,아우의 인상화
33,사랑의 전당
34,이적
35,비오는 밤
36,산골물
37,유언
38,창
39,바다
40,비로봉
41,산협의 오후
42,명상
43,소낙비
44,한난계
45,풍경
46,달밤
47,장
48,밤
49,황혼이 바다가 되어
50,아침
51,빨래
52,꿈은 깨어지고
53,산림
54,이런날
55,산상
56,양지쪽
57,닭
58,가슴 1
59,가슴 2
60,비둘기
61,황혼
62,남쪽 하늘
63,창공
64,거리에서
65,삶과 죽음
66,초한대
67,산울림
68,해바라기 얼굴
69,귀뚜라미와 나와
70,애기의 새벽
71,햇빛·바람
72,반디불
73,둘 다
74,거짓부리
75,눈
76,참새
77,버선본
78,편지
79,봄
80,무얼 먹구 사나
81,굴뚝
82,햇비
83,빗자루
84,기왓장 내외
85,오줌싸개 지도
86,병아리
87,조개껍질
88,겨울
89,트루게네프의 언덕
90,달을 쏘다
91,별똥 떨어진 데
92,화원에 꽃이 핀다
93,종시
